source_url,school_id,department_code,course_code,course_title,section,section_instructor,term,isbn,title,author,material_adoption_code,crawled_on,updated_on
https://midwestern.ecampus.com/,2990730,ANATG,|1536,Anatomical Sciences III,|1,"Wade Grow, Ph.D.",SPRING TERM 2026,,,,This course does not require any course materials,2026-03-22 05:09:25,2026-03-22 05:09:25
https://midwestern.ecampus.com/,2990730,ANATG,|1537,Anatomical Sciences III,|9,"Wade Grow, Ph.D.",SPRING TERM 2026,,,,This course does not require any course materials,2026-03-22 05:09:25,2026-03-22 05:09:25
https://midwestern.ecampus.com/,2990730,APNLG,|503,Emergency and HumanitarianSituations,|43,Angie Rangel,SPRING TERM 2026,,,,This course does not require any course materials,2026-03-22 05:09:25,2026-03-22 05:09:25
https://midwestern.ecampus.com/,2990730,APNLG,|602,Nurse Leadership in GlobalHealth (80 Hours),|43,Catherine Jeannette Mohammed,SPRING TERM 2026,,,,This course does not require any course materials,2026-03-22 05:09:25,2026-03-22 05:09:25
https://midwestern.ecampus.com/,2990730,APNLG,|603,Global Health Capstone Project,|43,Catherine Jeannette Mohammed,SPRING TERM 2026,,,,This course does not require any course materials,2026-03-22 05:09:25,2026-03-22 05:09:25
https://midwestern.ecampus.com/,2990730,APRNG,|502,Pharmacology for AdvancedPractice Nurses I,|42,"Sabrina Cecilia Ramirez, APRN",SPRING TERM 2026,,,,This course does not require any course materials,2026-03-22 05:09:25,2026-03-22 05:09:25
https://midwestern.ecampus.com/,2990730,APRNG,|504,Advanced Health Assessment II,|42,"Nelson McNova Bryant, Ph.D., Ph.D., M.S.N., M.B.A.",SPRING TERM 2026,,,,This course does not require any course materials,2026-03-22 05:09:25,2026-03-22 05:09:25
https://midwestern.ecampus.com/,2990730,APRNG,|505,Advanced Health Assessment I(5-day Residency),|42,"Nelson McNova Bryant, Ph.D., Ph.D., M.S.N., M.B.A.",SPRING TERM 2026,,,,This course does not require any course materials,2026-03-22 05:09:25,2026-03-22 05:09:25
https://midwestern.ecampus.com/,2990730,APRNG,|604,Primary Health CareAdult Gerontology IIDidactic,|42,Meghan Marie Pontz,SPRING TERM 2026,,,,This course does not require any course materials,2026-03-22 05:09:25,2026-03-22 05:09:25
https://midwestern.ecampus.com/,2990730,APRNG,|605,Primary Health Care:Adult Gerontology IIPracticum - 240 Hours,|42,Meghan Marie Pontz,SPRING TERM 2026,,,,This course does not require any course materials,2026-03-22 05:09:25,2026-03-22 05:09:25
https://midwestern.ecampus.com/,2990730,BASIG,|1507,Integrated Basic Science VII,|11,"Fernando Gonzalez, Ph.D.",SPRING TERM 2026,,,,This course does not require any course materials,2026-03-22 05:09:25,2026-03-22 05:09:25
https://midwestern.ecampus.com/,2990730,BASIG,|1508,Integrated Basic Sciences VIII,|11,"Fernando Gonzalez, Ph.D.",SPRING TERM 2026,,,,This course does not require any course materials,2026-03-22 05:09:25,2026-03-22 05:09:25
https://midwestern.ecampus.com/,2990730,BASIG,|1509,Intergrated Basic Sciences IX,|11,"Fernando Gonzalez, Ph.D.",SPRING TERM 2026,,,,This course does not require any course materials,2026-03-22 05:09:25,2026-03-22 05:09:25
https://midwestern.ecampus.com/,2990730,BASIG,|1516,Intergrated Basic Sciences VII,|12,"Fernando Gonzalez, Ph.D.",SPRING TERM 2026,,,,This course does not require any course materials,2026-03-22 05:09:25,2026-03-22 05:09:25
https://midwestern.ecampus.com/,2990730,BASIG,|1517,Integrated Basic Sciences VIII,|12,"Fernando Gonzalez, Ph.D.",SPRING TERM 2026,,,,This course does not require any course materials,2026-03-22 05:09:25,2026-03-22 05:09:25
https://midwestern.ecampus.com/,2990730,BASIG,|1518,Intergrated Basic Sciences IX,|12,"Fernando Gonzalez, Ph.D.",SPRING TERM 2026,,,,This course does not require any course materials,2026-03-22 05:09:25,2026-03-22 05:09:25
https://midwestern.ecampus.com/,2990730,BMMAG,|521,Microbiology,|5,"Brian P Wellensiek, Ph.D.",SPRING TERM 2026,,,,This course does not require any course materials,2026-03-22 05:09:25,2026-03-22 05:09:25
https://midwestern.ecampus.com/,2990730,BMMAG,|524,Immunology,|5,"Brian P Wellensiek, Ph.D.",SPRING TERM 2026,,,,This course does not require any course materials,2026-03-22 05:09:25,2026-03-22 05:09:25
https://midwestern.ecampus.com/,2990730,BMMAG,|571,Advanced Pharmacology andChemotherapy,|5,"Carleton Buck Jones, Ph.D.",SPRING TERM 2026,,,,This course does not require any course materials,2026-03-22 05:09:25,2026-03-22 05:09:25
https://midwestern.ecampus.com/,2990730,BMMAG,|591,Capstone Course,|5,"Nathan Johnson, Ph.D.",SPRING TERM 2026,,,,This course does not require any course materials,2026-03-22 05:09:25,2026-03-22 05:09:25
https://midwestern.ecampus.com/,2990730,BMMAG,|810,Clinical Skills III,|5,"Elizabeth E Hull, Ph.D.",SPRING TERM 2026,,,,This course does not require any course materials,2026-03-22 05:09:25,2026-03-22 05:09:25
https://midwestern.ecampus.com/,2990730,BMMAG,|812,Pathophysiology,|5,"Mitra Esfandiarei, Ph.D.",SPRING TERM 2026,,,,This course does not require any course materials,2026-03-22 05:09:25,2026-03-22 05:09:25
https://midwestern.ecampus.com/,2990730,BMMAG,|818,Concepts of Research Statistics,|5,"John Phillips, Ph.D.",SPRING TERM 2026,,,,This course does not require any course materials,2026-03-22 05:09:25,2026-03-22 05:09:25
https://midwestern.ecampus.com/,2990730,BMMAG,|822,Molecular Virology,|5,"Brian P Wellensiek, Ph.D.",SPRING TERM 2026,,,,This course does not require any course materials,2026-03-22 05:09:25,2026-03-22 05:09:25
https://midwestern.ecampus.com/,2990730,BMMAG,|840,Exercise in Health and Research,|5,"Carleton Buck Jones, Ph.D.",SPRING TERM 2026,,,,This course does not require any course materials,2026-03-22 05:09:25,2026-03-22 05:09:25
https://midwestern.ecampus.com/,2990730,BMMAG,|841,Precision Medicine,|5,"Sudhindra R. Gadagkar, Ph.D.",SPRING TERM 2026,,,,This course does not require any course materials,2026-03-22 05:09:25,2026-03-22 05:09:25
https://midwestern.ecampus.com/,2990730,BMMAG,|863,Neuroscience,|5,"Lori Buhlman, Ph.D.",SPRING TERM 2026,,,,This course does not require any course materials,2026-03-22 05:09:25,2026-03-22 05:09:25
https://midwestern.ecampus.com/,2990730,BMMAG,|891,A Foundation for Leadership,|5,"Sam Katzif, Ph.D.",SPRING TERM 2026,,,,This course does not require any course materials,2026-03-22 05:09:25,2026-03-22 05:09:25
https://midwestern.ecampus.com/,2990730,BMMSG,|506,Graduate Seminar Series,|6,"Del M Eckman, Ph.D.",SPRING TERM 2026,,,,This course does not require any course materials,2026-03-22 05:09:25,2026-03-22 05:09:25
https://midwestern.ecampus.com/,2990730,BMMSG,|518,Concepts of Research Statistics,|6,"John Phillips, Ph.D.",SPRING TERM 2026,,,,This course does not require any course materials,2026-03-22 05:09:25,2026-03-22 05:09:25
https://midwestern.ecampus.com/,2990730,BMMSG,|528,Research Protocol,|6,"Del M Eckman, Ph.D.",SPRING TERM 2026,,,,This course does not require any course materials,2026-03-22 05:09:25,2026-03-22 05:09:25
https://midwestern.ecampus.com/,2990730,BMMSG,|582,Thesis Research,|6,"Del M Eckman, Ph.D.",SPRING TERM 2026,,,,This course does not require any course materials,2026-03-22 05:09:25,2026-03-22 05:09:25
https://midwestern.ecampus.com/,2990730,BMMSG,|610,Graduate Seminar Series,|6,"Del M Eckman, Ph.D.",SPRING TERM 2026,,,,This course does not require any course materials,2026-03-22 05:09:25,2026-03-22 05:09:25
https://midwestern.ecampus.com/,2990730,BMMSG,|673,Thesis Research,|6,"Del M Eckman, Ph.D.",SPRING TERM 2026,,,,This course does not require any course materials,2026-03-22 05:09:25,2026-03-22 05:09:25
https://midwestern.ecampus.com/,2990730,BMMSG,|703,Research Thesis Continuation,|6,"Del M Eckman, Ph.D.",SPRING TERM 2026,,,,This course does not require any course materials,2026-03-22 05:09:25,2026-03-22 05:09:25
https://midwestern.ecampus.com/,2990730,BMMSG,|810,Clinical Skills III,|6,"Elizabeth E Hull, Ph.D.",SPRING TERM 2026,,,,This course does not require any course materials,2026-03-22 05:09:25,2026-03-22 05:09:25
https://midwestern.ecampus.com/,2990730,BMMSG,|812,Pathophysiology,|6,"Mitra Esfandiarei, Ph.D.",SPRING TERM 2026,,,,This course does not require any course materials,2026-03-22 05:09:25,2026-03-22 05:09:25
https://midwestern.ecampus.com/,2990730,BMMSG,|822,Molecular Virology,|6,"Brian P Wellensiek, Ph.D.",SPRING TERM 2026,,,,This course does not require any course materials,2026-03-22 05:09:25,2026-03-22 05:09:25
https://midwestern.ecampus.com/,2990730,BMMSG,|840,Exercise in Health and Research,|6,"Carleton Buck Jones, Ph.D.",SPRING TERM 2026,,,,This course does not require any course materials,2026-03-22 05:09:25,2026-03-22 05:09:25
https://midwestern.ecampus.com/,2990730,BMMSG,|841,Precision Medicine,|6,"Sudhindra R. Gadagkar, Ph.D.",SPRING TERM 2026,,,,This course does not require any course materials,2026-03-22 05:09:25,2026-03-22 05:09:25
https://midwestern.ecampus.com/,2990730,BMMSG,|863,Neuroscience,|6,"Lori Buhlman, Ph.D.",SPRING TERM 2026,,,,This course does not require any course materials,2026-03-22 05:09:25,2026-03-22 05:09:25
https://midwestern.ecampus.com/,2990730,BMMSG,|891,A Foundation for Leadership,|6,"Sam Katzif, Ph.D.",SPRING TERM 2026,,,,This course does not require any course materials,2026-03-22 05:09:25,2026-03-22 05:09:25
https://midwestern.ecampus.com/,2990730,BMMSG,|921,Microbiology,|6,"Brian P Wellensiek, Ph.D.",SPRING TERM 2026,,,,This course does not require any course materials,2026-03-22 05:09:25,2026-03-22 05:09:25
https://midwestern.ecampus.com/,2990730,BMMSG,|924,Immunology,|6,"Brian P Wellensiek, Ph.D.",SPRING TERM 2026,,,,This course does not require any course materials,2026-03-22 05:09:25,2026-03-22 05:09:25
https://midwestern.ecampus.com/,2990730,BMMSG,|971,Advanced Pharmacology andChemotherapy,|6,"Carleton Buck Jones, Ph.D.",SPRING TERM 2026,,,,This course does not require any course materials,2026-03-22 05:09:25,2026-03-22 05:09:25
https://midwestern.ecampus.com/,2990730,CLMDG,|1301A,Anatomy Research Elective,|1,"Wade Grow, Ph.D.",SPRING TERM 2026,,,,This course does not require any course materials,2026-03-22 05:09:25,2026-03-22 05:09:25
https://midwestern.ecampus.com/,2990730,CLMDG,|1301B,Biochemistry Research Elective,|1,"Jose Hernandez, Ph.D.",SPRING TERM 2026,,,,This course does not require any course materials,2026-03-22 05:09:25,2026-03-22 05:09:25
https://midwestern.ecampus.com/,2990730,CLMDG,|1301C,Basic Science Research Elective,|1,"Elizabeth E Hull, Ph.D.",SPRING TERM 2026,,,,This course does not require any course materials,2026-03-22 05:09:25,2026-03-22 05:09:25
https://midwestern.ecampus.com/,2990730,CLMDG,|1301F,Pharmacology Research Elective,|1,"Pamela Potter, Ph.D.",SPRING TERM 2026,,,,This course does not require any course materials,2026-03-22 05:09:25,2026-03-22 05:09:25
https://midwestern.ecampus.com/,2990730,CLMDG,|1301M,Research Elective-Microbiology,|1,"Kathryn J. Leyva, Ph.D.",SPRING TERM 2026,,,,This course does not require any course materials,2026-03-22 05:09:25,2026-03-22 05:09:25
https://midwestern.ecampus.com/,2990730,CLMDG,|1301P,Physiology Research Elective,|1,"Layla Al-Nakkash, Ph.D.",SPRING TERM 2026,,,,This course does not require any course materials,2026-03-22 05:09:25,2026-03-22 05:09:25
https://midwestern.ecampus.com/,2990730,CLMDG,|1301S,Clinical Research Elective,|1,"John Ashurst, D.O.",SPRING TERM 2026,,,,This course does not require any course materials,2026-03-22 05:09:25,2026-03-22 05:09:25
https://midwestern.ecampus.com/,2990730,CLMDG,|1303,Osteopathic Clinical MedicineElective (Table Trainers),|1,"Tracy Middleton, D.O., FACOFP",SPRING TERM 2026,,,,This course does not require any course materials,2026-03-22 05:09:25,2026-03-22 05:09:25
https://midwestern.ecampus.com/,2990730,CLMDG,|1307,Emergency Medicine: EarlyExposure Experience,|1,"Charles Finch, Jr., D.O.",SPRING TERM 2026,,,,This course does not require any course materials,2026-03-22 05:09:25,2026-03-22 05:09:25
https://midwestern.ecampus.com/,2990730,CLMDG,|1346,Medical Hypnosis,|1,"Katherine Mitzel, D.O., FACEP",SPRING TERM 2026,,,,This course does not require any course materials,2026-03-22 05:09:25,2026-03-22 05:09:25
https://midwestern.ecampus.com/,2990730,CLMDG,|1354,A Foundation for Leadership inYour Life,|1,"TBA, M.M., ITIL",SPRING TERM 2026,,,,This course does not require any course materials,2026-03-22 05:09:25,2026-03-22 05:09:25
https://midwestern.ecampus.com/,2990730,CLMDG,|1356,Medical Spanish,|1,"Jose Hernandez, Ph.D.",SPRING TERM 2026,,,,This course does not require any course materials,2026-03-22 05:09:25,2026-03-22 05:09:25
https://midwestern.ecampus.com/,2990730,CLMDG,|1365,Physician Finance and Wellness,|1,"Katherine Mitzel, D.O., FACEP",SPRING TERM 2026,,,,This course does not require any course materials,2026-03-22 05:09:25,2026-03-22 05:09:25
https://midwestern.ecampus.com/,2990730,CLMDG,|1415,Teaching in Humanity in Medicine,|1,"Kathleen Muldoon, Ph.D.",SPRING TERM 2026,,,,This course does not require any course materials,2026-03-22 05:09:25,2026-03-22 05:09:25
https://midwestern.ecampus.com/,2990730,CLMDG,|1516,Humanity in Medicine,|1,"Kathleen Muldoon, Ph.D.",SPRING TERM 2026,,,,This course does not require any course materials,2026-03-22 05:09:25,2026-03-22 05:09:25
https://midwestern.ecampus.com/,2990730,CLMDG,|1631,Introduction to Imaging,|1,"Charles Finch, Jr., D.O.",SPRING TERM 2026,,,,This course does not require any course materials,2026-03-22 05:09:25,2026-03-22 05:09:25
https://midwestern.ecampus.com/,2990730,CLMDG,|1663,Interprofessional CollaborationExperience III,|1,"Michelle Mifflin, D.O.",SPRING TERM 2026,,,,This course does not require any course materials,2026-03-22 05:09:25,2026-03-22 05:09:25
https://midwestern.ecampus.com/,2990730,CLMDG,|1700,Introduction to Clerkship,|1,"John Ashurst, D.O.",SPRING TERM 2026,,,,This course does not require any course materials,2026-03-22 05:09:25,2026-03-22 05:09:25
https://midwestern.ecampus.com/,2990730,CLMDG,|1702,ACLS,|1,"Nicol R. Crenshaw, M.B.A.",SPRING TERM 2026,,,,This course does not require any course materials,2026-03-22 05:09:25,2026-03-22 05:09:25
https://midwestern.ecampus.com/,2990730,CMEDG,|1603,Osteopathic Patient Care III,|1,"Danielle Barnett, D.O.",SPRING TERM 2026,,,,This course does not require any course materials,2026-03-22 05:09:25,2026-03-22 05:09:25
https://midwestern.ecampus.com/,2990730,COREG,|1580A,Interprofessional Healthcare III,|1,"Debbie Sullivan, Ph.D., PA-C",SPRING TERM 2026,,,,This course does not require any course materials,2026-03-22 05:09:25,2026-03-22 05:09:25
https://midwestern.ecampus.com/,2990730,COREG,|1580B,Interprofessional Healthcare,|2,"Debbie Sullivan, Ph.D., PA-C",SPRING TERM 2026,,,,This course does not require any course materials,2026-03-22 05:09:25,2026-03-22 05:09:25
https://midwestern.ecampus.com/,2990730,COREG,|1580C,Interprofessional Healthcare,|3,"Debbie Sullivan, Ph.D., PA-C",SPRING TERM 2026,,,,This course does not require any course materials,2026-03-22 05:09:25,2026-03-22 05:09:25
https://midwestern.ecampus.com/,2990730,COREG,|1580D,Interprofessional Healthcare,|4,"Debbie Sullivan, Ph.D., PA-C",SPRING TERM 2026,,,,This course does not require any course materials,2026-03-22 05:09:25,2026-03-22 05:09:25
https://midwestern.ecampus.com/,2990730,COREG,|1580E,Interprofessional Healthcare III,|7,"Debbie Sullivan, Ph.D., PA-C",SPRING TERM 2026,,,,This course does not require any course materials,2026-03-22 05:09:25,2026-03-22 05:09:25
https://midwestern.ecampus.com/,2990730,COREG,|1580G,Interprofessional Healthcare III,|9,"Debbie Sullivan, Ph.D., PA-C",SPRING TERM 2026,,,,This course does not require any course materials,2026-03-22 05:09:25,2026-03-22 05:09:25
https://midwestern.ecampus.com/,2990730,COREG,|1580H,Interprofessional Healthcare,|10,"Debbie Sullivan, Ph.D., PA-C",SPRING TERM 2026,,,,This course does not require any course materials,2026-03-22 05:09:25,2026-03-22 05:09:25
https://midwestern.ecampus.com/,2990730,COREG,|1580I,Interprofessional Healthcare III,|11,"Debbie Sullivan, Ph.D., PA-C",SPRING TERM 2026,,,,This course does not require any course materials,2026-03-22 05:09:25,2026-03-22 05:09:25
https://midwestern.ecampus.com/,2990730,COREG,|1580J,Interprofessional Healthcare,|12,"Debbie Sullivan, Ph.D., PA-C",SPRING TERM 2026,,,,This course does not require any course materials,2026-03-22 05:09:25,2026-03-22 05:09:25
https://midwestern.ecampus.com/,2990730,COREG,|1580K,Interprofessional Healthcare,|21,"Debbie Sullivan, Ph.D., PA-C",SPRING TERM 2026,,,,This course does not require any course materials,2026-03-22 05:09:25,2026-03-22 05:09:25
https://midwestern.ecampus.com/,2990730,COREG,|1580L,Interprofessional Healthcare,|14,"Debbie Sullivan, Ph.D., PA-C",SPRING TERM 2026,,,,This course does not require any course materials,2026-03-22 05:09:25,2026-03-22 05:09:25
https://midwestern.ecampus.com/,2990730,COREG,|1580M,Interprofessional Healthcare,|15,"Debbie Sullivan, Ph.D., PA-C",SPRING TERM 2026,,,,This course does not require any course materials,2026-03-22 05:09:25,2026-03-22 05:09:25
https://midwestern.ecampus.com/,2990730,COREG,|1580N,Interprofessional Healthcare,|20,"Debbie Sullivan, Ph.D., PA-C",SPRING TERM 2026,,,,This course does not require any course materials,2026-03-22 05:09:25,2026-03-22 05:09:25
https://midwestern.ecampus.com/,2990730,COREG,|1680F,Interprofessional Healthcare,|17,"Debbie Sullivan, Ph.D., PA-C",SPRING TERM 2026,,,,This course does not require any course materials,2026-03-22 05:09:25,2026-03-22 05:09:25
https://midwestern.ecampus.com/,2990730,CVSPG,|535,Cardiovascular Sciences MastersProject II,|7,"Chelsea Furnish, M.S., CCP",SPRING TERM 2026,,,,This course does not require any course materials,2026-03-22 05:09:25,2026-03-22 05:09:25
https://midwestern.ecampus.com/,2990730,CVSPG,|544,Quality & Risk Management forCardiovascular Sciences,|7,"Hamid H Darban, Ph.D., CP",SPRING TERM 2026,,,,This course does not require any course materials,2026-03-22 05:09:25,2026-03-22 05:09:25
https://midwestern.ecampus.com/,2990730,CVSPG,|557,Cardiac Congenital Defects &Cardiac Pediatric Perfusion,|7,"Julie Steele-Pruett, M.S.",SPRING TERM 2026,,,,This course does not require any course materials,2026-03-22 05:09:25,2026-03-22 05:09:25
https://midwestern.ecampus.com/,2990730,CVSPG,|563,Cardiovascular PerfusionTechnology III,|7,"Zachary Archer, M.S., CCP",SPRING TERM 2026,,,,This course does not require any course materials,2026-03-22 05:09:25,2026-03-22 05:09:25
https://midwestern.ecampus.com/,2990730,CVSPG,|572,Clinical Observations & Seminarsfor Cardiovascular Sciences II,|7,"Kyle Dana, D.C., CP",SPRING TERM 2026,,,,This course does not require any course materials,2026-03-22 05:09:25,2026-03-22 05:09:25
https://midwestern.ecampus.com/,2990730,CVSPG,|582,Applied Pharmacology forCV Sciences II,|7,"Benjamin Mills, CCP, M.S.",SPRING TERM 2026,,,,This course does not require any course materials,2026-03-22 05:09:25,2026-03-22 05:09:25
https://midwestern.ecampus.com/,2990730,CVSPG,|593,Cardiovascular PerfusionPractical Laboratory III,|7,"Harry Hoerr, Jr., M.S., CCT",SPRING TERM 2026,,,,This course does not require any course materials,2026-03-22 05:09:25,2026-03-22 05:09:25
https://midwestern.ecampus.com/,2990730,CVSPG,|606,Clinical Practicum VI,|7,"Harry Hoerr, Jr., M.S., CCT",SPRING TERM 2026,,,,This course does not require any course materials,2026-03-22 05:09:25,2026-03-22 05:09:25
https://midwestern.ecampus.com/,2990730,CVSPG,|607,Clinical Practicum VII,|7,"Harry Hoerr, Jr., M.S., CCT",SPRING TERM 2026,,,,This course does not require any course materials,2026-03-22 05:09:25,2026-03-22 05:09:25
https://midwestern.ecampus.com/,2990730,CVSPG,|608,Clinical Practicum VIII,|7,"Harry Hoerr, Jr., M.S., CCT",SPRING TERM 2026,,,,This course does not require any course materials,2026-03-22 05:09:25,2026-03-22 05:09:25
https://midwestern.ecampus.com/,2990730,CVSPG,|664,Current Trends in Perfusion,|7,"Thomas Rath, M.P.S., CCP Emeritus",SPRING TERM 2026,,,,This course does not require any course materials,2026-03-22 05:09:25,2026-03-22 05:09:25
https://midwestern.ecampus.com/,2990730,CVSPG,|811,Research III,|7,"Hamid H Darban, Ph.D., CP",SPRING TERM 2026,,,,This course does not require any course materials,2026-03-22 05:09:25,2026-03-22 05:09:25
https://midwestern.ecampus.com/,2990730,DENTG,|1445,Botox in Dentistry,|11,"Melanie Eve Bauer, D.M.D.",SPRING TERM 2026,,,,This course does not require any course materials,2026-03-22 05:09:25,2026-03-22 05:09:25
https://midwestern.ecampus.com/,2990730,DENTG,|1531,Preclinical Professionalism III,|11,"Tatiyana Trowbridge, D.D.S.",SPRING TERM 2026,,,,This course does not require any course materials,2026-03-22 05:09:25,2026-03-22 05:09:25
https://midwestern.ecampus.com/,2990730,DENTG,|1533,Oral Health Sciences III,|11,"Teresa Pulido, D.D.S., M.S.",SPRING TERM 2026,,,,This course does not require any course materials,2026-03-22 05:09:25,2026-03-22 05:09:25
https://midwestern.ecampus.com/,2990730,DENTG,|1533L,Oral Health Sciences III Lab,|11,"Teresa Pulido, D.D.S., M.S.",SPRING TERM 2026,,,,This course does not require any course materials,2026-03-22 05:09:25,2026-03-22 05:09:25
https://midwestern.ecampus.com/,2990730,DENTG,|1538,Multicultural Healthcare,|11,"Daphne Velazquez, D.D.S.",SPRING TERM 2026,,,,This course does not require any course materials,2026-03-22 05:09:25,2026-03-22 05:09:25
https://midwestern.ecampus.com/,2990730,DENTG,|1630,Preclinical Competency,|11,"Teresa Pulido, D.D.S., M.S.",SPRING TERM 2026,,,,This course does not require any course materials,2026-03-22 05:09:25,2026-03-22 05:09:25
https://midwestern.ecampus.com/,2990730,DENTG,|1631,Preclinical Professionalism VI,|11,"Thomas F. McDaniel, D.M.D., FAGD",SPRING TERM 2026,,,,This course does not require any course materials,2026-03-22 05:09:25,2026-03-22 05:09:25
https://midwestern.ecampus.com/,2990730,DENTG,|1633,Dental Ethics II,|11,"David Hancock, D.D.S.",SPRING TERM 2026,,,,This course does not require any course materials,2026-03-22 05:09:25,2026-03-22 05:09:25
https://midwestern.ecampus.com/,2990730,DENTG,|1634,Dental Community Services III,|11,"Cara C. Copeland, D.M.D.",SPRING TERM 2026,,,,This course does not require any course materials,2026-03-22 05:09:25,2026-03-22 05:09:25
https://midwestern.ecampus.com/,2990730,DENTG,|1636,Oral Health Sciences VI,|11,"Teresa Pulido, D.D.S., M.S.",SPRING TERM 2026,,,,This course does not require any course materials,2026-03-22 05:09:25,2026-03-22 05:09:25
https://midwestern.ecampus.com/,2990730,DENTG,|1636L,Oral Health Sciences VI Lab,|11,"Teresa Pulido, D.D.S., M.S.",SPRING TERM 2026,,,,This course does not require any course materials,2026-03-22 05:09:25,2026-03-22 05:09:25
https://midwestern.ecampus.com/,2990730,DENTG,|1637,Anesthesia I,|11,"Tatiyana Trowbridge, D.D.S.",SPRING TERM 2026,,,,This course does not require any course materials,2026-03-22 05:09:25,2026-03-22 05:09:25
https://midwestern.ecampus.com/,2990730,DENTG,|1638,Medical Emergencies,|11,"Hargrow D Barber, D.D.S.",SPRING TERM 2026,,,,This course does not require any course materials,2026-03-22 05:09:25,2026-03-22 05:09:25
https://midwestern.ecampus.com/,2990730,DENTG,|1639,Clinical Case Studies III,|11,"Brent Hall, D.D.S.",SPRING TERM 2026,,,,This course does not require any course materials,2026-03-22 05:09:25,2026-03-22 05:09:25
https://midwestern.ecampus.com/,2990730,DENTG,|1750,Practice Management II,|11,"Thomas Caspers, D.D.S.",SPRING TERM 2026,,,,This course does not require any course materials,2026-03-22 05:09:25,2026-03-22 05:09:25
https://midwestern.ecampus.com/,2990730,DENTG,|1751,Occlusion,|11,"Jonathan Frost, D.D.S.",SPRING TERM 2026,,,,This course does not require any course materials,2026-03-22 05:09:25,2026-03-22 05:09:25
https://midwestern.ecampus.com/,2990730,DENTG,|1754,Oral Pathology I,|11,"Olysia Nagy Takla, D.M.D.",SPRING TERM 2026,,,,This course does not require any course materials,2026-03-22 05:09:25,2026-03-22 05:09:25
https://midwestern.ecampus.com/,2990730,DENTG,|1756,Special Needs,|11,"Jared Reed Little, D.D.S.",SPRING TERM 2026,,,,This course does not require any course materials,2026-03-22 05:09:25,2026-03-22 05:09:25
https://midwestern.ecampus.com/,2990730,DENTG,|1837,Practice Management Selectives,|11,"Janece M. Davis, D.D.S.",SPRING TERM 2026,,,,This course does not require any course materials,2026-03-22 05:09:25,2026-03-22 05:09:25
https://midwestern.ecampus.com/,2990730,DENTG,|1838,Clinical Pharmacology II,|11,"Jeremy Poll, D.M.D.",SPRING TERM 2026,,,,This course does not require any course materials,2026-03-22 05:09:25,2026-03-22 05:09:25
https://midwestern.ecampus.com/,2990730,DENTG,|2003,Patient Care III,|11,"Steven Call, D.D.S.",SPRING TERM 2026,,,,This course does not require any course materials,2026-03-22 05:09:25,2026-03-22 05:09:25
https://midwestern.ecampus.com/,2990730,DENTG,|2007,Patient Care VII,|11,"Steven Call, D.D.S.",SPRING TERM 2026,,,,This course does not require any course materials,2026-03-22 05:09:25,2026-03-22 05:09:25
https://midwestern.ecampus.com/,2990730,DENTG,|2013,Clinical Professionalism III,|11,"Steven Call, D.D.S.",SPRING TERM 2026,,,,This course does not require any course materials,2026-03-22 05:09:25,2026-03-22 05:09:25
https://midwestern.ecampus.com/,2990730,DENTG,|2017,Clinical Professionalism VII,|11,"Steven Call, D.D.S.",SPRING TERM 2026,,,,This course does not require any course materials,2026-03-22 05:09:25,2026-03-22 05:09:25
https://midwestern.ecampus.com/,2990730,DNAP,|1530,Biostatistics and Research:Generating Evidence for Practice,|16,"Lisa Erlinger, CRNA, Ph.D.",SPRING TERM 2026,,,,This course does not require any course materials,2026-03-22 05:09:25,2026-03-22 05:09:25
https://midwestern.ecampus.com/,2990730,DNAP,|1531,Patient Safety and HealthPromotion,|16,"Frederick Imus, Ed.D., CRNA, M.S.N.",SPRING TERM 2026,,,,This course does not require any course materials,2026-03-22 05:09:25,2026-03-22 05:09:25
https://midwestern.ecampus.com/,2990730,DNAP,|1532,Scholarly Project III,|16,"Melissa Ranalli, DNP, CRNA",SPRING TERM 2026,,,,This course does not require any course materials,2026-03-22 05:09:25,2026-03-22 05:09:25
https://midwestern.ecampus.com/,2990730,DRNPG,|1500,Quality Improvement Initiativesand Evidence-Based Practice,|40,Mary Bernadette Heider,SPRING TERM 2026,,,,This course does not require any course materials,2026-03-22 05:09:25,2026-03-22 05:09:25
https://midwestern.ecampus.com/,2990730,DRNPG,|1506,Project Planning and Development,|40,Mary Bernadette Heider,SPRING TERM 2026,,,,This course does not require any course materials,2026-03-22 05:09:25,2026-03-22 05:09:25
https://midwestern.ecampus.com/,2990730,FMEDG,|1531,"Public Health, Medical Ethicsand Jurisprudence",|1,"Lawrence K. Sands, D.O.",SPRING TERM 2026,,,,This course does not require any course materials,2026-03-22 05:09:25,2026-03-22 05:09:25
https://midwestern.ecampus.com/,2990730,FMEDG,|1534,"Public Health, Medical Ethicsand Jurisprudence",|9,"Lawrence K. Sands, D.O.",SPRING TERM 2026,,,,This course does not require any course materials,2026-03-22 05:09:25,2026-03-22 05:09:25
https://midwestern.ecampus.com/,2990730,GRNSG,|505,Disease Prevention and HealthPromotion,|42,"Evangelina Trejo Trejo Villagomez, Ph.D.",SPRING TERM 2026,,,,This course does not require any course materials,2026-03-22 05:09:25,2026-03-22 05:09:25
https://midwestern.ecampus.com/,2990730,IPECG,|1402A,Improving Patient Safety II,|1,"Lawrence K. Sands, D.O.",SPRING TERM 2026,,,,This course does not require any course materials,2026-03-22 05:09:25,2026-03-22 05:09:25
https://midwestern.ecampus.com/,2990730,IPECG,|1402C,Improving Patient Safety 2,|3,"Amber Downing, D.M.D.",SPRING TERM 2026,,,,This course does not require any course materials,2026-03-22 05:09:25,2026-03-22 05:09:25
https://midwestern.ecampus.com/,2990730,IPECG,|1402I,Improving Patient Safety II,|11,"Amber Downing, D.M.D.",SPRING TERM 2026,,,,This course does not require any course materials,2026-03-22 05:09:25,2026-03-22 05:09:25
https://midwestern.ecampus.com/,2990730,IPECG,|1404I,Leadership in Healthcare Teams,|15,"Cara C. Copeland, D.M.D.",SPRING TERM 2026,,,,This course does not require any course materials,2026-03-22 05:09:25,2026-03-22 05:09:25
https://midwestern.ecampus.com/,2990730,MICRG,|1513,Microbiology,|3,"Adebayo James Molehin, Ph.D., M.S.",SPRING TERM 2026,9781260464283,"RYAN & SHERRIS MEDICAL MICROBIOLOGY, EIGHTH EDITION","RYAN, KENNETH J.; AHMAD, NAFEES; ALSPAUGH, J. ANDREW; DREW, W. LAWRENCE; LAGUNOFF, MICHAEL; POTTINGER, PAUL; RELLER, L. BARTH; RELLER, MEGAN E.; STERLING, CHARLES R.; WEISSMAN, SCOTT",Required,2026-03-22 05:09:25,2026-03-22 05:09:25
https://midwestern.ecampus.com/,2990730,MICRG,|1531,Immunology,|1,"Lisa Kronstad, Ph.D.",SPRING TERM 2026,9780393884890,JANEWAY'S IMMUNOBIOLOGY,"MURPHY, KENNETH M.; WEAVER, CASEY; BERG, LESLIE J.",Required,2026-03-22 05:09:25,2026-03-22 05:09:25
https://midwestern.ecampus.com/,2990730,MICRG,|1532,Immunology,|9,"Lisa Kronstad, Ph.D.",SPRING TERM 2026,9780393884890,JANEWAY'S IMMUNOBIOLOGY,"MURPHY, KENNETH M.; WEAVER, CASEY; BERG, LESLIE J.",Required,2026-03-22 05:09:25,2026-03-22 05:09:25
https://midwestern.ecampus.com/,2990730,MICRG,|1573,Veterinary Parasitology,|14,"John A Hnida, Ph.D.",SPRING TERM 2026,9780323543965,GEORGIS' PARASITOLOGY FOR VETERINARIANS,DWIGHT D. BOWMAN,Required,2026-03-22 05:09:25,2026-03-22 05:09:25
https://midwestern.ecampus.com/,2990730,MICRG,|803,Vaccines,|5,"Michelle Swanson-Mungerson, Ph.D.",SPRING TERM 2026,,,,This course does not require any course materials,2026-03-22 05:09:25,2026-03-22 05:09:25
https://midwestern.ecampus.com/,2990730,MICRG,|903,Vaccines,|6,"Michelle Swanson-Mungerson, Ph.D.",SPRING TERM 2026,,,,This course does not require any course materials,2026-03-22 05:09:25,2026-03-22 05:09:25
https://midwestern.ecampus.com/,2990730,MPSYG,|1533,Introduction to HumanBehavior III,|1,"Sristi Nath, D.O.",SPRING TERM 2026,,,,This course does not require any course materials,2026-03-22 05:09:25,2026-03-22 05:09:25
https://midwestern.ecampus.com/,2990730,NAPDG,|1300,Adv Physiology & Pathophysiology,|17,"Lee Ranalli, DNP, CRNA",SPRING TERM 2026,,,,This course does not require any course materials,2026-03-22 05:09:25,2026-03-22 05:09:25
https://midwestern.ecampus.com/,2990730,NAPDG,|1520,Healthcare Policy,|17,"Frederick Imus, Ed.D., CRNA, M.S.N.",SPRING TERM 2026,,,,This course does not require any course materials,2026-03-22 05:09:25,2026-03-22 05:09:25
https://midwestern.ecampus.com/,2990730,NAPDG,|1531,Patient Safety & HealthPromotion,|17,"Melissa Ranalli, DNP, CRNA",SPRING TERM 2026,,,,This course does not require any course materials,2026-03-22 05:09:25,2026-03-22 05:09:25
https://midwestern.ecampus.com/,2990730,NAPDG,|1543,Healthcare Administration &Advanced Business Principles forthe Anesthesia Professional,|17,"Janet Vaughn, D.N.A.P., CRNA",SPRING TERM 2026,,,,This course does not require any course materials,2026-03-22 05:09:25,2026-03-22 05:09:25
https://midwestern.ecampus.com/,2990730,NAPDG,|1560,Research Methods,|17,"Morgan Ouellette Morrow, CRNA",SPRING TERM 2026,,,,This course does not require any course materials,2026-03-22 05:09:25,2026-03-22 05:09:25
https://midwestern.ecampus.com/,2990730,NAPDG,|1630,Advanced Physiology andPathophysiology Across theLifespan,|17,"Lee Ranalli, DNP, CRNA",SPRING TERM 2026,,,,This course does not require any course materials,2026-03-22 05:09:25,2026-03-22 05:09:25
https://midwestern.ecampus.com/,2990730,NAPDG,|1642,Advanced Principles &Pathophysiology of AnesthesiaIII,|17,"Frederick Imus, Ed.D., CRNA, M.S.N.",SPRING TERM 2026,,,,This course does not require any course materials,2026-03-22 05:09:25,2026-03-22 05:09:25
https://midwestern.ecampus.com/,2990730,NAPDG,|1642L,Advanced Principles &Pathophysiology of AnesthesiaIII Simulation Lab,|17,"Deanna Villalino, D.N.A.P., CRNA",SPRING TERM 2026,,,,This course does not require any course materials,2026-03-22 05:09:25,2026-03-22 05:09:25
https://midwestern.ecampus.com/,2990730,NAPDG,|1653,Advanced Pharmacology ofAnesthesia III,|17,"Angela Beth Burgess, D.N.A.P., CRNA, M.S.N.",SPRING TERM 2026,,,,This course does not require any course materials,2026-03-22 05:09:25,2026-03-22 05:09:25
https://midwestern.ecampus.com/,2990730,NAPDG,|1716,Clinical Rotation II,|17,"Janet Vaughn, D.N.A.P., CRNA",SPRING TERM 2026,,,,This course does not require any course materials,2026-03-22 05:09:25,2026-03-22 05:09:25
https://midwestern.ecampus.com/,2990730,NAPDG,|1718,Clinical Rotation IV,|17,"Janet Vaughn, D.N.A.P., CRNA",SPRING TERM 2026,,,,This course does not require any course materials,2026-03-22 05:09:25,2026-03-22 05:09:25
https://midwestern.ecampus.com/,2990730,NAPDG,|1719,Clincial Rotation V,|17,"Janet Vaughn, D.N.A.P., CRNA",SPRING TERM 2026,,,,This course does not require any course materials,2026-03-22 05:09:25,2026-03-22 05:09:25
https://midwestern.ecampus.com/,2990730,NAPDG,|1721,Clinical Rotation DidacticComponent II,|17,"Lee Ranalli, DNP, CRNA",SPRING TERM 2026,,,,This course does not require any course materials,2026-03-22 05:09:25,2026-03-22 05:09:25
https://midwestern.ecampus.com/,2990730,NAPDG,|1723,Clincial Rotation DidacticComponent IV,|17,"Lee Ranalli, DNP, CRNA",SPRING TERM 2026,,,,This course does not require any course materials,2026-03-22 05:09:25,2026-03-22 05:09:25
https://midwestern.ecampus.com/,2990730,NAPDG,|1724,Clinical Rotation DidacticComponent V,|17,"Lee Ranalli, DNP, CRNA",SPRING TERM 2026,,,,This course does not require any course materials,2026-03-22 05:09:25,2026-03-22 05:09:25
https://midwestern.ecampus.com/,2990730,NAPDG,|1742,Scholarly Project IV,|17,"Lee Ranalli, DNP, CRNA",SPRING TERM 2026,,,,This course does not require any course materials,2026-03-22 05:09:25,2026-03-22 05:09:25
https://midwestern.ecampus.com/,2990730,OCMDG,|1533,Osteopathic Principlesand Practice III,|1,"Marissa Jacobs, D.O.",SPRING TERM 2026,,,,This course does not require any course materials,2026-03-22 05:09:25,2026-03-22 05:09:25
https://midwestern.ecampus.com/,2990730,OMEDG,|1636,Osteopathic Principles andPractice VI,|1,"Sabrina Rocke, D.O.",SPRING TERM 2026,,,,This course does not require any course materials,2026-03-22 05:09:25,2026-03-22 05:09:25
https://midwestern.ecampus.com/,2990730,OPTOG,|1397,Sports Vision Workshop,|12,"Matthew Roe, O.D.",SPRING TERM 2026,,,,This course does not require any course materials,2026-03-22 05:09:25,2026-03-22 05:09:25
https://midwestern.ecampus.com/,2990730,OPTOG,|1498,Spanish for Optometric Eye Exams,|12,"Kevin Helmuth, O.D.",SPRING TERM 2026,,,,This course does not require any course materials,2026-03-22 05:09:25,2026-03-22 05:09:25
https://midwestern.ecampus.com/,2990730,OPTOG,|1514,Optometric Business & CareerManagement I,|12,"Alicia Feis, O.D.",SPRING TERM 2026,,,,This course does not require any course materials,2026-03-22 05:09:25,2026-03-22 05:09:25
https://midwestern.ecampus.com/,2990730,OPTOG,|1525,Geometric/Physical &Visual Optics III,|12,"Javier Gantes-Nunez, Ph.D.",SPRING TERM 2026,,,,This course does not require any course materials,2026-03-22 05:09:25,2026-03-22 05:09:25
https://midwestern.ecampus.com/,2990730,OPTOG,|1530,Clinical Services/Theory &Methods III,|12,"Pierce Kenworthy, O.D.",SPRING TERM 2026,,,,This course does not require any course materials,2026-03-22 05:09:25,2026-03-22 05:09:25
https://midwestern.ecampus.com/,2990730,OPTOG,|1590,Ocular Anatomy & Physiology III,|12,"Sarah Huff, M.S., O.D., FAAO",SPRING TERM 2026,,,,This course does not require any course materials,2026-03-22 05:09:25,2026-03-22 05:09:25
https://midwestern.ecampus.com/,2990730,OPTOG,|1624,Visual Science: BinocularFunction,|12,"Balamurali Vasudevan, Ph.D.",SPRING TERM 2026,,,,This course does not require any course materials,2026-03-22 05:09:25,2026-03-22 05:09:25
https://midwestern.ecampus.com/,2990730,OPTOG,|1644,Ocular Disease III,|12,"Vladimir Yevseyenkov, O.D., Ph.D.",SPRING TERM 2026,,,,This course does not require any course materials,2026-03-22 05:09:25,2026-03-22 05:09:25
https://midwestern.ecampus.com/,2990730,OPTOG,|1646,Contact Lenses II,|12,"Elizabeth Escobedo, O.D.",SPRING TERM 2026,,,,This course does not require any course materials,2026-03-22 05:09:25,2026-03-22 05:09:25
https://midwestern.ecampus.com/,2990730,OPTOG,|1654,Clinical Services Theory &Methods VI,|12,"Eric A. Woo, O.D., FAAO",SPRING TERM 2026,,,,This course does not require any course materials,2026-03-22 05:09:25,2026-03-22 05:09:25
https://midwestern.ecampus.com/,2990730,OPTOG,|1655,Intro to Clinical Services,|12,"Grace Liao, O.D.",SPRING TERM 2026,,,,This course does not require any course materials,2026-03-22 05:09:25,2026-03-22 05:09:25
https://midwestern.ecampus.com/,2990730,OPTOG,|1693,Ocular Pharmacology III,|12,"Michael Kozlowski, O.D., Ph.D.",SPRING TERM 2026,,,,This course does not require any course materials,2026-03-22 05:09:25,2026-03-22 05:09:25
https://midwestern.ecampus.com/,2990730,OPTOG,|1694,Pediatric Optometry,|12,"Matthew Roe, O.D.",SPRING TERM 2026,,,,This course does not require any course materials,2026-03-22 05:09:25,2026-03-22 05:09:25
https://midwestern.ecampus.com/,2990730,OPTOG,|1724,Opto Business Management III,|12,Mr. Todd Smith,SPRING TERM 2026,,,,This course does not require any course materials,2026-03-22 05:09:25,2026-03-22 05:09:25
https://midwestern.ecampus.com/,2990730,OPTOG,|1726,Advanced Competency inVision & Pediatrics,|12,"Christina Esposito, O.D.",SPRING TERM 2026,,,,This course does not require any course materials,2026-03-22 05:09:25,2026-03-22 05:09:25
https://midwestern.ecampus.com/,2990730,OPTOG,|1745,Epidemiology/Public Health &the Optometric Profession,|12,"Sarah Thomas, O.D.",SPRING TERM 2026,,,,This course does not require any course materials,2026-03-22 05:09:25,2026-03-22 05:09:25
https://midwestern.ecampus.com/,2990730,OPTOG,|1761,Capstone Project IV: ResearchPresentation,|12,"Balamurali Vasudevan, Ph.D.",SPRING TERM 2026,,,,This course does not require any course materials,2026-03-22 05:09:25,2026-03-22 05:09:25
https://midwestern.ecampus.com/,2990730,OPTOG,|1773,Clinical Services X,|12,"Sarah Huff, M.S., O.D., FAAO",SPRING TERM 2026,,,,This course does not require any course materials,2026-03-22 05:09:25,2026-03-22 05:09:25
https://midwestern.ecampus.com/,2990730,OPTOG,|1820,Clinical Services III,|12,"Sarah Huff, M.S., O.D., FAAO",SPRING TERM 2026,,,,This course does not require any course materials,2026-03-22 05:09:25,2026-03-22 05:09:25
https://midwestern.ecampus.com/,2990730,OPTOG,|1830,Clinical Services XIV,|12,"Sarah Huff, M.S., O.D., FAAO",SPRING TERM 2026,,,,This course does not require any course materials,2026-03-22 05:09:25,2026-03-22 05:09:25
https://midwestern.ecampus.com/,2990730,OTHEG,|512,Pediatrics I: Young Children/Early Intervention,|4,"Cynthia Selim, DSc, OTR/L, BCP",SPRING TERM 2026,,,,This course does not require any course materials,2026-03-22 05:09:25,2026-03-22 05:09:25
https://midwestern.ecampus.com/,2990730,OTHEG,|515,Neuro-Rehabilitation,|4,"Holly Jones, O.T.D., OTR/L",SPRING TERM 2026,,,,This course does not require any course materials,2026-03-22 05:09:25,2026-03-22 05:09:25
https://midwestern.ecampus.com/,2990730,OTHEG,|524,Evidence-Based Practice II,|4,"Alison de la Montaigne, OTR/L, Ed.D.",SPRING TERM 2026,,,,This course does not require any course materials,2026-03-22 05:09:25,2026-03-22 05:09:25
https://midwestern.ecampus.com/,2990730,OTHEG,|536,Fieldwork I-B,|4,"Tamara Turner, Ed.D., OTR/L",SPRING TERM 2026,,,,This course does not require any course materials,2026-03-22 05:09:25,2026-03-22 05:09:25
https://midwestern.ecampus.com/,2990730,OTHEG,|545,Orthotics and Physical Agents,|4,"Katherine A Schofield, DHS, OTR/L, CHT",SPRING TERM 2026,9781041069515,ORTHOTIC DESIGN AND FABRICATION FOR THE UPPER EXTREMITY,KATHERINE SCHOFIELD; DEBORAH SCHWARTZ,Required,2026-03-22 05:09:25,2026-03-22 05:09:25
https://midwestern.ecampus.com/,2990730,OTHEG,|545,Orthotics and Physical Agents,|4,"Katherine A Schofield, DHS, OTR/L, CHT",SPRING TERM 2026,9781630915384,PHYSICAL AGENT MODALITIES,"BRACCIANO, A.",Required,2026-03-22 05:09:25,2026-03-22 05:09:25
https://midwestern.ecampus.com/,2990730,OTHEG,|572,Service Learning B,|4,"Alison de la Montaigne, OTR/L, Ed.D.",SPRING TERM 2026,,,,This course does not require any course materials,2026-03-22 05:09:25,2026-03-22 05:09:25
https://midwestern.ecampus.com/,2990730,OTHEG,|693,Fieldwork II-B,|4,"Tamara Turner, Ed.D., OTR/L",SPRING TERM 2026,,,,This course does not require any course materials,2026-03-22 05:09:25,2026-03-22 05:09:25
https://midwestern.ecampus.com/,2990730,PASSG,|571,Therapeutic & Diagnostic Skills,|2,"Nicole Hamilton, M.P.A.S., PA-C",SPRING TERM 2026,9780323624671,ESSENTIAL CLINICAL PROCEDURES,"DEHN, RICHARD W.; ASPREY, DAVID P., PH.D.",Recommended,2026-03-22 05:09:25,2026-03-22 05:09:25
https://midwestern.ecampus.com/,2990730,PASSG,|575,Women's Health,|2,"Amber Herrick, PA-C, M.S.",SPRING TERM 2026,9798987123003,MANAGING CONTRACEPTION FOR YOUR POCKET 2023-2024,"ZIEMAN, MINI",Recommended,2026-03-22 05:09:25,2026-03-22 05:09:25
https://midwestern.ecampus.com/,2990730,PASSG,|575,Women's Health,|2,"Amber Herrick, PA-C, M.S.",SPRING TERM 2026,9781975180577,BECKMANN AND LING'S OBSTETRICS AND GYNECOLOGY,"CASANOVA, ROBERT; GOEPFERT, ALICE; HUEPPCHEN, NANCY A.; WEISS, PATRICE M.; CONNOLLY, ANNAMARIE",Required,2026-03-22 05:09:25,2026-03-22 05:09:25
https://midwestern.ecampus.com/,2990730,PASSG,|580,Clinical Medicine III,|2,"Eve Hoover, D.M.Sc., PA-C, DFAAPA",SPRING TERM 2026,9781266266232,CURRENT MEDICAL DIAGNOSIS AND TREATMENT 2025,"GANDHI, MONICA , PAPADAKIS, MAXINE , RABOW, MICHAEL , MCQUAID, KENNETH",Required,2026-03-22 05:09:25,2026-03-22 05:09:25
https://midwestern.ecampus.com/,2990730,PASSG,|580,Clinical Medicine III,|2,"Eve Hoover, D.M.Sc., PA-C, DFAAPA",SPRING TERM 2026,9780323930383,"GOLDMAN-CECIL MEDICINE, 2-VOLUME SET",GOLDMAN; COONEY,Required,2026-03-22 05:09:25,2026-03-22 05:09:25
https://midwestern.ecampus.com/,2990730,PASSG,|582,Emergency Medicine & SurgicalPrinciples,|2,"Regan Alford, MSPAS, PA-C",SPRING TERM 2026,,,,This course does not require any course materials,2026-03-22 05:09:25,2026-03-22 05:09:25
https://midwestern.ecampus.com/,2990730,PASSG,|588,Psychiatry & Behavioral Medicine,|2,"James Stoehr, Ph.D.",SPRING TERM 2026,,,,This course does not require any course materials,2026-03-22 05:09:25,2026-03-22 05:09:25
https://midwestern.ecampus.com/,2990730,PASSG,|589,Preparation for ClinicalPhase III,|2,"Kimberly Carter, D.M.Sc., PA-C, RD",SPRING TERM 2026,,,,This course does not require any course materials,2026-03-22 05:09:25,2026-03-22 05:09:25
https://midwestern.ecampus.com/,2990730,PATHG,|1633,Pathology III,|1,"Tony Tullot, M.D.",SPRING TERM 2026,,,,This course does not require any course materials,2026-03-22 05:09:25,2026-03-22 05:09:25
https://midwestern.ecampus.com/,2990730,PATHG,|1634,Pathology III,|9,"Tony Tullot, M.D.",SPRING TERM 2026,,,,This course does not require any course materials,2026-03-22 05:09:25,2026-03-22 05:09:25
https://midwestern.ecampus.com/,2990730,PHARG,|1560,Veterinary Pharmacology I,|14,"Jeffrey Norris, D.V.M., Ph.D.",SPRING TERM 2026,9781394172207,PLUMB'S VETERINARY DRUG HANDBOOK,"BUDDE, JAMES A.; MCCLUSKEY, DAWN M.",Required,2026-03-22 05:09:25,2026-03-22 05:09:25
https://midwestern.ecampus.com/,2990730,PHARG,|1630,Pharmacology III,|1,"Gerald Call, Ph.D.",SPRING TERM 2026,9781260463309,KATZUNG'S BASIC AND CLINICAL PHARMACOLOGY,KATZUNG ; VANDERAH,Required,2026-03-22 05:09:25,2026-03-22 05:09:25
https://midwestern.ecampus.com/,2990730,PHARG,|580,Pharm/Pharmacotherapeutics III,|2,"Shaleen B Korch, Ph.D.",SPRING TERM 2026,9781260463309,KATZUNG'S BASIC AND CLINICAL PHARMACOLOGY,KATZUNG ; VANDERAH,Required,2026-03-22 05:09:25,2026-03-22 05:09:25
https://midwestern.ecampus.com/,2990730,PHIDG,|1503,Integrated Sequence 3,|3,"Erin C. Raney, Pharm.D., BCPS",SPRING TERM 2026,,,,This course does not require any course materials,2026-03-22 05:09:25,2026-03-22 05:09:25
https://midwestern.ecampus.com/,2990730,PHIDG,|1608,Integrated Sequence 8,|3,"Kellie J Goodlet, Pharm.D., BCPS, BCIDP",SPRING TERM 2026,,,,This course does not require any course materials,2026-03-22 05:09:25,2026-03-22 05:09:25
https://midwestern.ecampus.com/,2990730,PHIDG,|1609,Integrated Sequence 9,|3,"Tamer Elbayoumi, Ph.D.",SPRING TERM 2026,,,,This course does not require any course materials,2026-03-22 05:09:25,2026-03-22 05:09:25
https://midwestern.ecampus.com/,2990730,PHYSG,|1532,Physiology II,|1,"Layla Al-Nakkash, Ph.D.",SPRING TERM 2026,,,,This course does not require any course materials,2026-03-22 05:09:25,2026-03-22 05:09:25
https://midwestern.ecampus.com/,2990730,PHYSG,|1533,Veterinary Physiology III,|14,"Christopher Olson, Ph.D.",SPRING TERM 2026,,,,This course does not require any course materials,2026-03-22 05:09:25,2026-03-22 05:09:25
https://midwestern.ecampus.com/,2990730,PHYSG,|1534,Physiology II,|9,"Layla Al-Nakkash, Ph.D.",SPRING TERM 2026,,,,This course does not require any course materials,2026-03-22 05:09:25,2026-03-22 05:09:25
https://midwestern.ecampus.com/,2990730,PMEDG,|1320,Podiatric Basic Skills PracticumElective,|9,"Donald Curtis, D.P.M.",SPRING TERM 2026,,,,This course does not require any course materials,2026-03-22 05:09:25,2026-03-22 05:09:25
https://midwestern.ecampus.com/,2990730,PMEDG,|1531,Podiatric Surgery I,|9,"Janna M Kroleski, D.P.M.",SPRING TERM 2026,9780838588420,TECHNIQUE IN THE USE OF SURGICAL TOOLS,ROBERT M ANDERSON; RICHARD F ROMFH,Required,2026-03-22 05:09:25,2026-03-22 05:09:25
https://midwestern.ecampus.com/,2990730,PMEDG,|1531,Podiatric Surgery I,|9,"Janna M Kroleski, D.P.M.",SPRING TERM 2026,9781258387334,"CAMPBELL'S OPERATIVE ORTHOPEDICS, V2",ANDREW HOYT CRENSHAW; WILLIS C CAMPBELL,Required,2026-03-22 05:09:25,2026-03-22 05:09:25
https://midwestern.ecampus.com/,2990730,PMEDG,|1531,Podiatric Surgery I,|9,"Janna M Kroleski, D.P.M.",SPRING TERM 2026,9781975136062,MCGLAMRY'S FOOT AND ANKLE SURGERY,"CARPENTER, BRIAN",Required,2026-03-22 05:09:25,2026-03-22 05:09:25
https://midwestern.ecampus.com/,2990730,PMEDG,|1620,Podiatric Basic Skills Practicum,|9,"Donald Curtis, D.P.M.",SPRING TERM 2026,,,,This course does not require any course materials,2026-03-22 05:09:25,2026-03-22 05:09:25
https://midwestern.ecampus.com/,2990730,PMEDG,|1672,General Medicine II,|9,"Bindu Rajan, M.D.",SPRING TERM 2026,9781259642883,"HARRISON'S PRINCIPLES OF INTERNAL MEDICINE SELF-ASSESSMENT AND BOARD REVIEW, 19TH EDITION","WIENER, CHARLES; KASPER, DENNIS; FAUCI, ANTHONY; HAUSER, STEPHEN; LONGO, DAN; LARRY JAMESON, J.; LOSCALZO, JOSEPH; BROWN, CYNTHIA; HOUSTON, BRAIN",Required,2026-03-22 05:09:25,2026-03-22 05:09:25
https://midwestern.ecampus.com/,2990730,PMEDG,|1678,Behavioral Medicine,|9,"David Jenkins, D.P.M., FACFAS",SPRING TERM 2026,9780890425763,"DIAGNOSTIC AND STATISTICAL MANUAL OF MENTAL DISORDERS, FIFTH EDITION, TEXT REVISION (DSM-5-TR) ITEM: 2576",AMERICAN PSYCHIATRIC ASSOCIATION,Recommended,2026-03-22 05:09:25,2026-03-22 05:09:25
https://midwestern.ecampus.com/,2990730,PMEDG,|1678,Behavioral Medicine,|9,"David Jenkins, D.P.M., FACFAS",SPRING TERM 2026,9781260142686,BEHAVIORAL MEDICINE A GUIDE FOR CLINICAL PRACTICE 5TH EDITION,"FELDMAN, MITCHELL D.; CHRISTENSEN, JOHN F.",Recommended,2026-03-22 05:09:25,2026-03-22 05:09:25
https://midwestern.ecampus.com/,2990730,PMEDG,|1678,Behavioral Medicine,|9,"David Jenkins, D.P.M., FACFAS",SPRING TERM 2026,9781911510475,CLINICAL PSYCHIATRY,"DEBATTISTA, CHARLES; GLICK, IRA D.",Recommended,2026-03-22 05:09:25,2026-03-22 05:09:25
https://midwestern.ecampus.com/,2990730,PMGC,|504,'Omics and Biomarkers,|52,"Kolla Kristjansdottir, Ph.D.",SPRING TERM 2026,,,,This course does not require any course materials,2026-03-22 05:09:25,2026-03-22 05:09:25
https://midwestern.ecampus.com/,2990730,PMGC,|604,"Ethical, Legal, & Social Issuesof Precision Medicine",|52,"Garilyn Jentarra, Ph.D.",SPRING TERM 2026,,,,This course does not require any course materials,2026-03-22 05:09:25,2026-03-22 05:09:25
https://midwestern.ecampus.com/,2990730,PMGC,|605,Counseling and CommunicationSkills for Genomic/Precision,|52,"Kolla Kristjansdottir, Ph.D.",SPRING TERM 2026,,,,This course does not require any course materials,2026-03-22 05:09:25,2026-03-22 05:09:25
https://midwestern.ecampus.com/,2990730,PMGC,|804,Advanced Topics inPharmacogenomics,|52,"Ying He, Ph.D.",SPRING TERM 2026,,,,This course does not require any course materials,2026-03-22 05:09:25,2026-03-22 05:09:25
https://midwestern.ecampus.com/,2990730,PMGC,|806,"Connecting Nutrigenomics,Epigenomics, andMetabolism to Precision Medicine",|52,"Garilyn Jentarra, Ph.D.",SPRING TERM 2026,,,,This course does not require any course materials,2026-03-22 05:09:25,2026-03-22 05:09:25
https://midwestern.ecampus.com/,2990730,PMMS,|504,'Omics and Biomarkers,|51,"Kolla Kristjansdottir, Ph.D.",SPRING TERM 2026,,,,This course does not require any course materials,2026-03-22 05:09:25,2026-03-22 05:09:25
https://midwestern.ecampus.com/,2990730,PMMS,|604,"Ethical, Legal, & Social Issuesof Precision Medicine",|51,"Garilyn Jentarra, Ph.D.",SPRING TERM 2026,,,,This course does not require any course materials,2026-03-22 05:09:25,2026-03-22 05:09:25
https://midwestern.ecampus.com/,2990730,PMMS,|605,Counseling & CommunicationSkills for Genomic/Precision,|51,"Kolla Kristjansdottir, Ph.D.",SPRING TERM 2026,,,,This course does not require any course materials,2026-03-22 05:09:25,2026-03-22 05:09:25
https://midwestern.ecampus.com/,2990730,PMMS,|804,Advanced Topics inPharmacogenomics,|51,"Ying He, Ph.D.",SPRING TERM 2026,,,,This course does not require any course materials,2026-03-22 05:09:25,2026-03-22 05:09:25
https://midwestern.ecampus.com/,2990730,PMMS,|806,"Connecting Nutrigenomics,Epigenomics, andMetabolism to Precision Medicine",|51,"Garilyn Jentarra, Ph.D.",SPRING TERM 2026,,,,This course does not require any course materials,2026-03-22 05:09:25,2026-03-22 05:09:25
https://midwestern.ecampus.com/,2990730,PPRAG,|1301,Special Project/Research,|3,"Erin C. Raney, Pharm.D., BCPS",SPRING TERM 2026,,,,This course does not require any course materials,2026-03-22 05:09:25,2026-03-22 05:09:25
https://midwestern.ecampus.com/,2990730,PPRAG,|1301,Special Project/Research,|3A,"Dawn Gerber, Pharm.D., BCGP, FASCP",SPRING TERM 2026,,,,This course does not require any course materials,2026-03-22 05:09:25,2026-03-22 05:09:25
https://midwestern.ecampus.com/,2990730,PPRAG,|1420,Pharmacy Based ImmunizationDelivery-AzPA,|3,"Dawn Gerber, Pharm.D., BCGP, FASCP",SPRING TERM 2026,,,,This course does not require any course materials,2026-03-22 05:09:25,2026-03-22 05:09:25
https://midwestern.ecampus.com/,2990730,PPRAG,|1442,Advanced GeriatricPharmacotherapy,|3,"Nicole Early, Pharm.D., BCGP, FASCP",SPRING TERM 2026,,,,This course does not require any course materials,2026-03-22 05:09:25,2026-03-22 05:09:25
https://midwestern.ecampus.com/,2990730,PPRAG,|1445,A Foundation for Leadership,|3,"Sam Katzif, Ph.D.",SPRING TERM 2026,,,,This course does not require any course materials,2026-03-22 05:09:25,2026-03-22 05:09:25
https://midwestern.ecampus.com/,2990730,PPRAG,|1449,Advanced Research MethodsUsing Analytics in Health CareResearch,|3,"Kathleen Fairman, M.A., Ph.D.",SPRING TERM 2026,,,,This course does not require any course materials,2026-03-22 05:09:25,2026-03-22 05:09:25
https://midwestern.ecampus.com/,2990730,PPRAG,|1504,Clinical Skills Development 4,|3,"Stephanie Counts, Pharm.D., M.Ed.",SPRING TERM 2026,,,,This course does not require any course materials,2026-03-22 05:09:25,2026-03-22 05:09:25
https://midwestern.ecampus.com/,2990730,PPRAG,|1524,Pharmacy Law & Public Policy,|3,"Mary Gurney, Ph.D., M.S., RPh.",SPRING TERM 2026,,,,This course does not require any course materials,2026-03-22 05:09:25,2026-03-22 05:09:25
https://midwestern.ecampus.com/,2990730,PPRAG,|1607,Clinical Skills Development 7,|3,"Tara Storjohann, Pharm.D.",SPRING TERM 2026,,,,This course does not require any course materials,2026-03-22 05:09:25,2026-03-22 05:09:25
https://midwestern.ecampus.com/,2990730,PPRAG,|1667,Complementary & Alternative Med.,|3,"Dawn Gerber, Pharm.D., BCGP, FASCP",SPRING TERM 2026,,,,This course does not require any course materials,2026-03-22 05:09:25,2026-03-22 05:09:25
https://midwestern.ecampus.com/,2990730,PPRAG,|1675,Management 1,|3,"Michael T. Rupp, Ph.D.",SPRING TERM 2026,,,,This course does not require any course materials,2026-03-22 05:09:25,2026-03-22 05:09:25
https://midwestern.ecampus.com/,2990730,PSCIG,|1302,Special Project/Research,|3,"Mark Olsen, Ph.D.",SPRING TERM 2026,,,,This course does not require any course materials,2026-03-22 05:09:25,2026-03-22 05:09:25
https://midwestern.ecampus.com/,2990730,PSCIG,|1564,Pharmacokinetic/Biopharmaceutics,|3,"Melanie Jordan, Ph.D.",SPRING TERM 2026,,,,This course does not require any course materials,2026-03-22 05:09:25,2026-03-22 05:09:25
https://midwestern.ecampus.com/,2990730,PSYCG,|1514,Research Methods and Design,|10,"Kate Jansen, Ph.D.",SPRING TERM 2026,,,,This course does not require any course materials,2026-03-22 05:09:25,2026-03-22 05:09:25
https://midwestern.ecampus.com/,2990730,PSYCG,|1527,Personality Assessment II:Projective Techniques,|10,"Shef Gandhi, Psy.D.",SPRING TERM 2026,,,,This course does not require any course materials,2026-03-22 05:09:25,2026-03-22 05:09:25
https://midwestern.ecampus.com/,2990730,PSYCG,|1530,Introduction to Psychotherapy,|10,"Angela M Breitmeyer, Psy.D., CMPC",SPRING TERM 2026,,,,This course does not require any course materials,2026-03-22 05:09:25,2026-03-22 05:09:25
https://midwestern.ecampus.com/,2990730,PSYCG,|1565,Professional Writing,|10,"Angela M Breitmeyer, Psy.D., CMPC",SPRING TERM 2026,,,,This course does not require any course materials,2026-03-22 05:09:25,2026-03-22 05:09:25
https://midwestern.ecampus.com/,2990730,PSYCG,|1570,Psychopathology: Child &Adolescent,|10,"Brad MacNeil, Ph.D.",SPRING TERM 2026,,,,This course does not require any course materials,2026-03-22 05:09:25,2026-03-22 05:09:25
https://midwestern.ecampus.com/,2990730,PSYCG,|1583,Clerkship II,|10,"Shef Gandhi, Psy.D.",SPRING TERM 2026,,,,This course does not require any course materials,2026-03-22 05:09:25,2026-03-22 05:09:25
https://midwestern.ecampus.com/,2990730,PSYCG,|1603,Life Span Development II,|10,"Shannon Dodani, Psy.D.",SPRING TERM 2026,,,,This course does not require any course materials,2026-03-22 05:09:25,2026-03-22 05:09:25
https://midwestern.ecampus.com/,2990730,PSYCG,|1632,Psychodynamic Approachesto Psychotherapy,|10,"Bhupin Butaney, Ph.D.",SPRING TERM 2026,,,,This course does not require any course materials,2026-03-22 05:09:25,2026-03-22 05:09:25
https://midwestern.ecampus.com/,2990730,PSYCG,|1650,Psychopharmacology,|10,"Tom Virden, III, Ph.D.",SPRING TERM 2026,,,,This course does not require any course materials,2026-03-22 05:09:25,2026-03-22 05:09:25
https://midwestern.ecampus.com/,2990730,PSYCG,|1655,History & Systems,|10,"Tom Virden, III, Ph.D.",SPRING TERM 2026,,,,This course does not require any course materials,2026-03-22 05:09:25,2026-03-22 05:09:25
https://midwestern.ecampus.com/,2990730,PSYCG,|1684,Practicum II,|10,"Shef Gandhi, Psy.D.",SPRING TERM 2026,,,,This course does not require any course materials,2026-03-22 05:09:25,2026-03-22 05:09:25
https://midwestern.ecampus.com/,2990730,PSYCG,|1685,Practicum Seminar II,|10,"Adam Fried, Ph.D.",SPRING TERM 2026,,,,This course does not require any course materials,2026-03-22 05:09:25,2026-03-22 05:09:25
https://midwestern.ecampus.com/,2990730,PSYCG,|1686,Practicum III,|10,"Shef Gandhi, Psy.D.",SPRING TERM 2026,,,,This course does not require any course materials,2026-03-22 05:09:25,2026-03-22 05:09:25
https://midwestern.ecampus.com/,2990730,PSYCG,|1687,Practicum Seminar III,|10,"Adam Fried, Ph.D.",SPRING TERM 2026,,,,This course does not require any course materials,2026-03-22 05:09:25,2026-03-22 05:09:25
https://midwestern.ecampus.com/,2990730,PSYCG,|1687,Practicum Seminar III,|BM,"Angela M Breitmeyer, Psy.D., CMPC",SPRING TERM 2026,,,,This course does not require any course materials,2026-03-22 05:09:25,2026-03-22 05:09:25
https://midwestern.ecampus.com/,2990730,PSYCG,|1687,Practicum Seminar III,|FL,"Melissa Delgado Flint, Psy.D.",SPRING TERM 2026,,,,This course does not require any course materials,2026-03-22 05:09:25,2026-03-22 05:09:25
https://midwestern.ecampus.com/,2990730,PSYCG,|1712,Grief and Loss,|10,"Melissa Delgado Flint, Psy.D.",SPRING TERM 2026,,,,This course does not require any course materials,2026-03-22 05:09:25,2026-03-22 05:09:25
https://midwestern.ecampus.com/,2990730,PSYCG,|1732,Supervision & ConsultationModels & Practice,|10,"Melissa Delgado Flint, Psy.D.",SPRING TERM 2026,,,,This course does not require any course materials,2026-03-22 05:09:25,2026-03-22 05:09:25
https://midwestern.ecampus.com/,2990730,PSYCG,|1735,Practice Management Issues,|10,William Marsh,SPRING TERM 2026,,,,This course does not require any course materials,2026-03-22 05:09:25,2026-03-22 05:09:25
https://midwestern.ecampus.com/,2990730,PSYCG,|1745,Advanced NeuropsychologicalAssessment,|10,"Marisa Menchola, Ph.D.",SPRING TERM 2026,,,,This course does not require any course materials,2026-03-22 05:09:25,2026-03-22 05:09:25
https://midwestern.ecampus.com/,2990730,PSYCG,|1746,Clinical Neuroscience,|10,"Marisa Menchola, Ph.D.",SPRING TERM 2026,,,,This course does not require any course materials,2026-03-22 05:09:25,2026-03-22 05:09:25
https://midwestern.ecampus.com/,2990730,PSYCG,|1747,Advanced Practicum SeminarNeuropsychological Track,|10,"Shef Gandhi, Psy.D.",SPRING TERM 2026,,,,This course does not require any course materials,2026-03-22 05:09:25,2026-03-22 05:09:25
https://midwestern.ecampus.com/,2990730,PSYCG,|1786,Advanced Practicum III,|10,"Shef Gandhi, Psy.D.",SPRING TERM 2026,,,,This course does not require any course materials,2026-03-22 05:09:25,2026-03-22 05:09:25
https://midwestern.ecampus.com/,2990730,PSYCG,|1787,Advanced Practicum Seminar III,|10,"Brad MacNeil, Ph.D.",SPRING TERM 2026,,,,This course does not require any course materials,2026-03-22 05:09:25,2026-03-22 05:09:25
https://midwestern.ecampus.com/,2990730,PSYCG,|1787,Advanced Practicum Seminar III,|B2,"Bhupin Butaney, Ph.D.",SPRING TERM 2026,,,,This course does not require any course materials,2026-03-22 05:09:25,2026-03-22 05:09:25
https://midwestern.ecampus.com/,2990730,PSYCG,|1787,Advanced Practicum Seminar III,|V1,"Tom Virden, III, Ph.D.",SPRING TERM 2026,,,,This course does not require any course materials,2026-03-22 05:09:25,2026-03-22 05:09:25
https://midwestern.ecampus.com/,2990730,PSYCG,|1794,Dissertation,|10,"Adam Fried, Ph.D.",SPRING TERM 2026,,,,This course does not require any course materials,2026-03-22 05:09:25,2026-03-22 05:09:25
https://midwestern.ecampus.com/,2990730,PSYCG,|1797,Dissertation,|10,"Adam Fried, Ph.D.",SPRING TERM 2026,,,,This course does not require any course materials,2026-03-22 05:09:25,2026-03-22 05:09:25
https://midwestern.ecampus.com/,2990730,PSYCG,|1886,Advanced Elective Practicum III,|10,"Shef Gandhi, Psy.D.",SPRING TERM 2026,,,,This course does not require any course materials,2026-03-22 05:09:25,2026-03-22 05:09:25
https://midwestern.ecampus.com/,2990730,PSYCG,|1887,Advanced Elective PracticumSeminar III,|10,"Shef Gandhi, Psy.D.",SPRING TERM 2026,,,,This course does not require any course materials,2026-03-22 05:09:25,2026-03-22 05:09:25
https://midwestern.ecampus.com/,2990730,PSYCG,|1890,Advanced Elective Practicum VI,|10,"Shef Gandhi, Psy.D.",SPRING TERM 2026,,,,This course does not require any course materials,2026-03-22 05:09:25,2026-03-22 05:09:25
https://midwestern.ecampus.com/,2990730,PTHEG,|1313H,Gait and Human Movement Research,|20,"Jen Gruenhagen, PT, D.P.T.",SPRING TERM 2026,,,,This course does not require any course materials,2026-03-22 05:09:25,2026-03-22 05:09:25
https://midwestern.ecampus.com/,2990730,PTHEG,|1313R,Gait and Human Movement Research,|21,"Jen Gruenhagen, PT, D.P.T.",SPRING TERM 2026,,,,This course does not require any course materials,2026-03-22 05:09:25,2026-03-22 05:09:25
https://midwestern.ecampus.com/,2990730,PTHEG,|1512H,Pharmacology,|20,"Mia Erickson, PT, Ed.D., CHT",SPRING TERM 2026,,,,This course does not require any course materials,2026-03-22 05:09:25,2026-03-22 05:09:25
https://midwestern.ecampus.com/,2990730,PTHEG,|1512R,Pharmacology,|21,"Roi Dennis Adela Cayetano, Ph., PT, D.P.T.",SPRING TERM 2026,,,,This course does not require any course materials,2026-03-22 05:09:25,2026-03-22 05:09:25
https://midwestern.ecampus.com/,2990730,PTHEG,|1520H,Pathophysiology II,|20,"Andrea Lopes Sauers, PT, Ph.D.",SPRING TERM 2026,,,,This course does not require any course materials,2026-03-22 05:09:25,2026-03-22 05:09:25
https://midwestern.ecampus.com/,2990730,PTHEG,|1520R,Pathophysiology II,|21,"Myles Morrow Melyon, PT, D.P.T.",SPRING TERM 2026,,,,This course does not require any course materials,2026-03-22 05:09:25,2026-03-22 05:09:25
https://midwestern.ecampus.com/,2990730,PTHEG,|1542H,Neuromuscular Rehabilitation II,|20,"Megan Eikenberry, PT, D.P.T., NCS",SPRING TERM 2026,,,,This course does not require any course materials,2026-03-22 05:09:25,2026-03-22 05:09:25
https://midwestern.ecampus.com/,2990730,PTHEG,|1542R,Neuromuscular Rehabilitation II,|21,"Suzanne O'Neal, PT, D.P.T., DHSc",SPRING TERM 2026,,,,This course does not require any course materials,2026-03-22 05:09:25,2026-03-22 05:09:25
https://midwestern.ecampus.com/,2990730,PTHEG,|1561H,Musculoskeletal Rehabilitation I,|20,"Michael Lebec, PT, Ph.D.",SPRING TERM 2026,9781266150388,"DUTTON'S ORTHOPAEDIC: EXAMINATION, EVALUATION AND INTERVENTION, SEVENTH EDITION","DUTTON, MARK",Required,2026-03-22 05:09:25,2026-03-22 05:09:25
https://midwestern.ecampus.com/,2990730,PTHEG,|1561R,Musculoskeletal Rehabilitation I,|21,"Kylie Scott, PT, D.P.T., Ed.D.",SPRING TERM 2026,,,,This course does not require any course materials,2026-03-22 05:09:25,2026-03-22 05:09:25
https://midwestern.ecampus.com/,2990730,PTHEG,|1645H,Capstone I,|20,"Jen Gruenhagen, PT, D.P.T.",SPRING TERM 2026,,,,This course does not require any course materials,2026-03-22 05:09:25,2026-03-22 05:09:25
https://midwestern.ecampus.com/,2990730,PTHEG,|1645R,Capstone I,|21,"Jen Gruenhagen, PT, D.P.T.",SPRING TERM 2026,,,,This course does not require any course materials,2026-03-22 05:09:25,2026-03-22 05:09:25
https://midwestern.ecampus.com/,2990730,PTHEG,|1695H,Clinical Experience I,|20,"Rita Ator, PT, D.P.T., OCS",SPRING TERM 2026,,,,This course does not require any course materials,2026-03-22 05:09:25,2026-03-22 05:09:25
https://midwestern.ecampus.com/,2990730,PTHEG,|1695R,Clinical Experience I,|21,"Rita Ator, PT, D.P.T., OCS",SPRING TERM 2026,,,,This course does not require any course materials,2026-03-22 05:09:25,2026-03-22 05:09:25
https://midwestern.ecampus.com/,2990730,PTHEG,|1733,Evidence-Based Practice II,|13,"Mia Erickson, PT, Ed.D., CHT",SPRING TERM 2026,,,,This course does not require any course materials,2026-03-22 05:09:25,2026-03-22 05:09:25
https://midwestern.ecampus.com/,2990730,PTHEG,|1798,Clinical Experience II,|13,"Rita Ator, PT, D.P.T., OCS",SPRING TERM 2026,,,,This course does not require any course materials,2026-03-22 05:09:25,2026-03-22 05:09:25
https://midwestern.ecampus.com/,2990730,PTHEG,|1799,Clinical Experience III,|13,"Rita Ator, PT, D.P.T., OCS",SPRING TERM 2026,,,,This course does not require any course materials,2026-03-22 05:09:25,2026-03-22 05:09:25
https://midwestern.ecampus.com/,2990730,PUBH,|508,Design of M.P.H. Practicum,|18,"Karen Gruszynski, D.V.M., M.P.H., Ph.D., DACVPM",SPRING TERM 2026,,,,This course does not require any course materials,2026-03-22 05:09:25,2026-03-22 05:09:25
https://midwestern.ecampus.com/,2990730,PUBH,|513,Design of M.P.H. Project,|18,"Tiffany Hughes, Ph.D.",SPRING TERM 2026,,,,This course does not require any course materials,2026-03-22 05:09:25,2026-03-22 05:09:25
https://midwestern.ecampus.com/,2990730,PUBH,|518,Health Systems,|18,"Tiffany Hughes, Ph.D.",SPRING TERM 2026,,,,This course does not require any course materials,2026-03-22 05:09:25,2026-03-22 05:09:25
https://midwestern.ecampus.com/,2990730,PUBH,|660,Public Health EmergencyPreparedness/Disaster Response,|18,"Mariah Kateland Zeigler, D.V.M., M.P.H., DACVPM",SPRING TERM 2026,,,,This course does not require any course materials,2026-03-22 05:09:25,2026-03-22 05:09:25
https://midwestern.ecampus.com/,2990730,PUBH,|710,Public Health Practicum,|18,"Karen Gruszynski, D.V.M., M.P.H., Ph.D., DACVPM",SPRING TERM 2026,,,,This course does not require any course materials,2026-03-22 05:09:25,2026-03-22 05:09:25
https://midwestern.ecampus.com/,2990730,PUBH,|715,Public Health Practicum,|18,"Karen Gruszynski, D.V.M., M.P.H., Ph.D., DACVPM",SPRING TERM 2026,,,,This course does not require any course materials,2026-03-22 05:09:25,2026-03-22 05:09:25
https://midwestern.ecampus.com/,2990730,PUBH,|720,Culminating Project,|18,"Tiffany Hughes, Ph.D.",SPRING TERM 2026,,,,This course does not require any course materials,2026-03-22 05:09:25,2026-03-22 05:09:25
https://midwestern.ecampus.com/,2990730,PUBH,|721,Capstone Course,|18,"Tiffany Hughes, Ph.D.",SPRING TERM 2026,,,,This course does not require any course materials,2026-03-22 05:09:25,2026-03-22 05:09:25
https://midwestern.ecampus.com/,2990730,PUBH,|725,Public HealthCulminating Project,|18,"Tiffany Hughes, Ph.D.",SPRING TERM 2026,,,,This course does not require any course materials,2026-03-22 05:09:25,2026-03-22 05:09:25
https://midwestern.ecampus.com/,2990730,PUBH,|802,Field Practicum,|18,"Karen Gruszynski, D.V.M., M.P.H., Ph.D., DACVPM",SPRING TERM 2026,,,,This course does not require any course materials,2026-03-22 05:09:25,2026-03-22 05:09:25
https://midwestern.ecampus.com/,2990730,SLPPG,|505,Capstone I,|15,"Stephanie Cotton Christensen, Ph.D., CCC-SLP",SPRING TERM 2026,,,,This course does not require any course materials,2026-03-22 05:09:25,2026-03-22 05:09:25
https://midwestern.ecampus.com/,2990730,SLPPG,|512,Thesis II,|15,"Stephanie Cotton Christensen, Ph.D., CCC-SLP",SPRING TERM 2026,,,,This course does not require any course materials,2026-03-22 05:09:25,2026-03-22 05:09:25
https://midwestern.ecampus.com/,2990730,SLPPG,|527,Neurological Disease and Injury,|A5,"Lisa Bunker, Ph.D., CCC-SLP",SPRING TERM 2026,,,,This course does not require any course materials,2026-03-22 05:09:25,2026-03-22 05:09:25
https://midwestern.ecampus.com/,2990730,SLPPG,|527,Neurological Disease and Injury,|B5,"Lisa Bunker, Ph.D., CCC-SLP",SPRING TERM 2026,,,,This course does not require any course materials,2026-03-22 05:09:25,2026-03-22 05:09:25
https://midwestern.ecampus.com/,2990730,SLPPG,|529,Voice and Resonance Disorders,|A5,Lisa Naylor,SPRING TERM 2026,,,,This course does not require any course materials,2026-03-22 05:09:25,2026-03-22 05:09:25
https://midwestern.ecampus.com/,2990730,SLPPG,|529,Voice and Resonance Disorders,|B5,Lisa Naylor,SPRING TERM 2026,,,,This course does not require any course materials,2026-03-22 05:09:25,2026-03-22 05:09:25
https://midwestern.ecampus.com/,2990730,SLPPG,|533,Child Language and Learning III,|A5,"Schea N Fissel, Ph.D., CCC-SLP",SPRING TERM 2026,,,,This course does not require any course materials,2026-03-22 05:09:25,2026-03-22 05:09:25
https://midwestern.ecampus.com/,2990730,SLPPG,|533,Child Language and Learning III,|B5,"Schea N Fissel, Ph.D., CCC-SLP",SPRING TERM 2026,,,,This course does not require any course materials,2026-03-22 05:09:25,2026-03-22 05:09:25
https://midwestern.ecampus.com/,2990730,SLPPG,|552,Clinical Practicum II,|15,"Alisha Kleindel, M.S., CCC-SLP",SPRING TERM 2026,,,,This course does not require any course materials,2026-03-22 05:09:25,2026-03-22 05:09:25
https://midwestern.ecampus.com/,2990730,SLPPG,|660,Advanced Practicum in Speech-Language Pathology:Education Setting,|15,"Danielle Reed, Ed.D., CCC-SLP",SPRING TERM 2026,,,,This course does not require any course materials,2026-03-22 05:09:25,2026-03-22 05:09:25
https://midwestern.ecampus.com/,2990730,SLPPG,|662,Advanced Practicum in Speech-Language Pathology:Medical/Healthcare Facility,|15,"Alisha Kleindel, M.S., CCC-SLP",SPRING TERM 2026,,,,This course does not require any course materials,2026-03-22 05:09:25,2026-03-22 05:09:25
https://midwestern.ecampus.com/,2990730,SLPPG,|671,Thesis Continuation II,|15,"Stephanie Cotton Christensen, Ph.D., CCC-SLP",SPRING TERM 2026,,,,This course does not require any course materials,2026-03-22 05:09:25,2026-03-22 05:09:25
https://midwestern.ecampus.com/,2990730,SLPPG,|801,Dementia Care,|15,"Stephanie Cotton Christensen, Ph.D., CCC-SLP",SPRING TERM 2026,,,,This course does not require any course materials,2026-03-22 05:09:25,2026-03-22 05:09:25
https://midwestern.ecampus.com/,2990730,VMEDG,|1301,Research Elective,|14,"Christopher Olson, Ph.D.",SPRING TERM 2026,,,,This course does not require any course materials,2026-03-22 05:09:25,2026-03-22 05:09:25
https://midwestern.ecampus.com/,2990730,VMEDG,|1302,Research Elective,|14,"Christopher Olson, Ph.D.",SPRING TERM 2026,,,,This course does not require any course materials,2026-03-22 05:09:25,2026-03-22 05:09:25
https://midwestern.ecampus.com/,2990730,VMEDG,|1503,Practice of Vet. Medicine III,|14,"Jessie Ziegler, D.V.M., M.S., DACVIM",SPRING TERM 2026,9780721693231,CURRENT THERAPY IN LARGE ANIMAL THERIOGENOLOGY,"YOUNGQUIST, ROBERT S.",Required,2026-03-22 05:09:25,2026-03-22 05:09:25
https://midwestern.ecampus.com/,2990730,VMEDG,|1520,Clinical Anatomy,|14,"Sarah Matyjaszek, D.V.M., DACVS",SPRING TERM 2026,,,,This course does not require any course materials,2026-03-22 05:09:25,2026-03-22 05:09:25
https://midwestern.ecampus.com/,2990730,VMEDG,|1606,Practice of Vet. Medicine VI,|14,"Jeff Thoren, D.V.M.",SPRING TERM 2026,,,,This course does not require any course materials,2026-03-22 05:09:25,2026-03-22 05:09:25
https://midwestern.ecampus.com/,2990730,VMEDG,|1645,Clinical Pathology,|14,"Mary Evelyn White, D.V.M.",SPRING TERM 2026,,,,This course does not require any course materials,2026-03-22 05:09:25,2026-03-22 05:09:25
https://midwestern.ecampus.com/,2990730,VMEDG,|1651,Principles of Surgery w/Lab I,|14,"Renato Moran Ramos, D.V.M.",SPRING TERM 2026,,,,This course does not require any course materials,2026-03-22 05:09:25,2026-03-22 05:09:25
https://midwestern.ecampus.com/,2990730,VMEDG,|1655,Small Animal Medicine/Surgery I,|14,"Jared Jaffey, D.V.M., M.S., DACVIM",SPRING TERM 2026,,,,This course does not require any course materials,2026-03-22 05:09:25,2026-03-22 05:09:25
